{
  "case": 7,
  "d_over_D": 0.3815,
  "HBR": 0.142,
  "VR": 1.1374,
  "D2_m": 0.1755,
  "U_main_mps": 10.0,
  "U_branch_mps": 11.3744,
  "Re_branch": 11406729.0,
  "K_main": 0.375,
  "K_branch": 0.485164,
  "Omega_main": 34.7216,
  "Omega_branch": 103.5179,
  "mix_branch_m": 0.012285,
  "ZJCT": 2.3,
  "LMAIN": 6.9,
  "slice_id": 4,
  "wall_seconds": 7147.0,
  "sim_status": "ok"
}
