{
  "case": 2,
  "d_over_D": 0.1964,
  "HBR": 0.0596,
  "VR": 1.6427,
  "D2_m": 0.09036,
  "U_main_mps": 10.0,
  "U_branch_mps": 16.4267,
  "Re_branch": 8481943.0,
  "K_main": 0.375,
  "K_branch": 1.011892,
  "Omega_main": 34.7216,
  "Omega_branch": 290.3531,
  "mix_branch_m": 0.006325,
  "ZJCT": 2.3,
  "LMAIN": 6.9,
  "alpha_deg": 120.0,
  "slice_id": 1,
  "sim_status": "pending"
}
