{
  "case": 6,
  "d_over_D": 0.2963,
  "HBR": 0.1867,
  "VR": 2.6143,
  "D2_m": 0.13631,
  "U_main_mps": 10.0,
  "U_branch_mps": 26.143,
  "Re_branch": 20363579.0,
  "K_main": 0.375,
  "K_branch": 2.562954,
  "Omega_main": 34.7216,
  "Omega_branch": 306.3192,
  "mix_branch_m": 0.009542,
  "ZJCT": 2.3,
  "LMAIN": 6.9,
  "alpha_deg": 30.0,
  "slice_id": 3
}
