{
  "case": 8,
  "d_over_D": 0.3815,
  "HBR": 0.0916,
  "VR": 0.6927,
  "D2_m": 0.1755,
  "U_main_mps": 10.0,
  "U_branch_mps": 6.9273,
  "Re_branch": 6946939.0,
  "K_main": 0.375,
  "K_branch": 0.179951,
  "Omega_main": 34.7216,
  "Omega_branch": 63.0446,
  "mix_branch_m": 0.012285,
  "ZJCT": 2.3,
  "LMAIN": 6.9,
  "alpha_deg": 30.0,
  "slice_id": 4
}
